Email Address,Grade
amet.ornare.lectus@Pellentesquehabitantmorbi.co.uk,47
orci.quis@dignissim.ca,88
dui@enim.ca,92
eu@Craseget.com,100
aliquet.vel@Vestibulum.org,88
at@massa.net,96
in@iaculis.org,95
porttitor.eros@ametdapibus.com,73
orci.tincidunt.adipiscing@lobortisrisusIn.org,91
Curabitur.egestas.nunc@erat.org,93
ante.ipsum@Phasellusat.edu,88
faucibus@elitNulla.edu,78
Nunc.ullamcorper@aceleifend.net,21
dolor.Quisque.tincidunt@quisarcuvel.com,95
turpis@milorem.ca,81
semper.auctor.Mauris@Maurismagna.com,44
blandit@augue.ca,76
tellus.imperdiet@necmetus.net,87
dui.quis@pretiumneque.com,94
tristique.aliquet.Phasellus@dictumeuplacerat.ca,76
sit@duiSuspendisse.edu,76
pede.Nunc.sed@justoProin.co.uk,94
eu.ultrices.sit@tempuseu.ca,70
Cras.pellentesque.Sed@ligulatortor.ca,82
ut.nulla@Aliquam.edu,97
sem.Nulla@lacuspedesagittis.co.uk,81
Integer.tincidunt.aliquam@enim.ca,11
convallis.convallis@facilisi.edu,65
Etiam.laoreet.libero@amet.org,83
pede@pharetrasedhendrerit.co.uk,95
congue.a@eudoloregestas.edu,70
gravida.Aliquam.tincidunt@nulla.ca,5
vitae@Pellentesque.com,90
inceptos@semperet.ca,82
nec.cursus@arcuVestibulumante.net,93
mauris.Morbi@aliquetnec.edu,80
Donec.consectetuer.mauris@feugiat.co.uk,94
ultricies.sem.magna@scelerisquenequeNullam.edu,97
Nulla@atauctorullamcorper.com,92
Nunc.laoreet@Aliquamrutrum.ca,97
a@acarcuNunc.org,100
Phasellus.fermentum@Proin.org,82
dui.in.sodales@lorem.org,85
nisl.Maecenas@justo.com,82
volutpat@quis.com,82
vitae.orci.Phasellus@turpis.com,72
odio@nonmassa.net,43
Phasellus.at.augue@eu.co.uk,70
vel@enimnonnisi.com,60
orci@purusDuiselementum.ca,78
Pellentesque@eros.ca,92
Mauris.non.dui@blanditatnisi.edu,92
Fusce@vitae.ca,100
malesuada.Integer@ornareplacerat.com,94
id.ante@tellus.net,46
sem.Nulla@at.edu,94
ut.nulla.Cras@nisi.org,73
enim.diam.vel@fringillamilacinia.co.uk,88
et.commodo@elit.com,94
nulla.Integer.urna@tortor.ca,92
velit.Quisque@scelerisque.co.uk,87
aliquet.sem@non.co.uk,100
odio.Aliquam@rhoncus.ca,85
non@Proinmi.edu,99
lorem.fringilla.ornare@non.com,92
ante@auctorMauris.edu,88
ullamcorper.Duis.at@netus.org,99
non.massa.non@Morbivehicula.org,81
Maecenas.mi@Etiamvestibulum.ca,98
Quisque.porttitor.eros@enimMauris.ca,96
consequat.purus.Maecenas@eratSed.com,100
mi@felis.edu,92
orci@metus.edu,87
aliquet.libero.Integer@lectussit.net,79
vel@id.ca,93
ipsum.sodales@purusmauris.edu,69
ac@cubiliaCuraePhasellus.org,84
Donec.dignissim@luctus.ca,67
libero@sagittislobortismauris.net,94
sed@quamquisdiam.edu,89
eu.arcu.Morbi@Curabituregestasnunc.co.uk,96
Proin@vitae.net,97
magna.Sed.eu@loremlorem.ca,1
Quisque@sitametnulla.co.uk,100
malesuada.vel.venenatis@egetmagnaSuspendisse.com,84
Nunc.laoreet@adlitora.net,73
magnis.dis@fringillapurus.org,74
quis@Suspendisse.net,95
Proin.nisl.sem@DonectinciduntDonec.com,92
aliquet.metus.urna@interdum.edu,85
sem.semper.erat@mattissemper.net,75
Fusce@risus.co.uk,41
nonummy.Fusce.fermentum@luctussitamet.co.uk,77
erat@auguemalesuada.net,90
commodo.hendrerit.Donec@congueaaliquet.net,92
et@turpisegestasAliquam.org,99
diam.Proin.dolor@pretiumnequeMorbi.ca,74
adipiscing.elit@eutellusPhasellus.edu,96
cursus.a@feugiattelluslorem.edu,95
adipiscing@lobortisnisi.com,98
