Email Address,Grade
amet.ornare.lectus@Pellentesquehabitantmorbi.co.uk,96
orci.quis@dignissim.ca,65
dui@enim.ca,97
eu@Craseget.com,95
aliquet.vel@Vestibulum.org,97
at@massa.net,2
in@iaculis.org,87
porttitor.eros@ametdapibus.com,98
orci.tincidunt.adipiscing@lobortisrisusIn.org,93
Curabitur.egestas.nunc@erat.org,84
ante.ipsum@Phasellusat.edu,73
faucibus@elitNulla.edu,92
Nunc.ullamcorper@aceleifend.net,61
dolor.Quisque.tincidunt@quisarcuvel.com,38
turpis@milorem.ca,65
semper.auctor.Mauris@Maurismagna.com,99
blandit@augue.ca,92
tellus.imperdiet@necmetus.net,82
dui.quis@pretiumneque.com,84
tristique.aliquet.Phasellus@dictumeuplacerat.ca,82
sit@duiSuspendisse.edu,82
pede.Nunc.sed@justoProin.co.uk,91
eu.ultrices.sit@tempuseu.ca,26
Cras.pellentesque.Sed@ligulatortor.ca,57
ut.nulla@Aliquam.edu,82
sem.Nulla@lacuspedesagittis.co.uk,64
Integer.tincidunt.aliquam@enim.ca,65
convallis.convallis@facilisi.edu,100
Etiam.laoreet.libero@amet.org,67
pede@pharetrasedhendrerit.co.uk,99
congue.a@eudoloregestas.edu,72
gravida.Aliquam.tincidunt@nulla.ca,96
vitae@Pellentesque.com,75
inceptos@semperet.ca,100
nec.cursus@arcuVestibulumante.net,98
mauris.Morbi@aliquetnec.edu,75
Donec.consectetuer.mauris@feugiat.co.uk,82
ultricies.sem.magna@scelerisquenequeNullam.edu,76
Nulla@atauctorullamcorper.com,68
Nunc.laoreet@Aliquamrutrum.ca,100
a@acarcuNunc.org,75
Phasellus.fermentum@Proin.org,81
dui.in.sodales@lorem.org,78
nisl.Maecenas@justo.com,61
volutpat@quis.com,80
vitae.orci.Phasellus@turpis.com,82
odio@nonmassa.net,93
Phasellus.at.augue@eu.co.uk,93
vel@enimnonnisi.com,85
orci@purusDuiselementum.ca,90
Pellentesque@eros.ca,84
Mauris.non.dui@blanditatnisi.edu,92
Fusce@vitae.ca,100
malesuada.Integer@ornareplacerat.com,100
id.ante@tellus.net,60
sem.Nulla@at.edu,90
ut.nulla.Cras@nisi.org,96
enim.diam.vel@fringillamilacinia.co.uk,79
et.commodo@elit.com,90
nulla.Integer.urna@tortor.ca,75
velit.Quisque@scelerisque.co.uk,53
aliquet.sem@non.co.uk,98
odio.Aliquam@rhoncus.ca,87
non@Proinmi.edu,89
lorem.fringilla.ornare@non.com,98
ante@auctorMauris.edu,77
ullamcorper.Duis.at@netus.org,91
non.massa.non@Morbivehicula.org,96
Maecenas.mi@Etiamvestibulum.ca,81
Quisque.porttitor.eros@enimMauris.ca,95
consequat.purus.Maecenas@eratSed.com,91
mi@felis.edu,94
orci@metus.edu,99
aliquet.libero.Integer@lectussit.net,61
vel@id.ca,72
ipsum.sodales@purusmauris.edu,99
ac@cubiliaCuraePhasellus.org,85
Donec.dignissim@luctus.ca,93
libero@sagittislobortismauris.net,23
sed@quamquisdiam.edu,94
eu.arcu.Morbi@Curabituregestasnunc.co.uk,100
Proin@vitae.net,94
magna.Sed.eu@loremlorem.ca,94
Quisque@sitametnulla.co.uk,20
malesuada.vel.venenatis@egetmagnaSuspendisse.com,74
Nunc.laoreet@adlitora.net,92
magnis.dis@fringillapurus.org,95
quis@Suspendisse.net,88
Proin.nisl.sem@DonectinciduntDonec.com,92
aliquet.metus.urna@interdum.edu,75
sem.semper.erat@mattissemper.net,75
Fusce@risus.co.uk,83
nonummy.Fusce.fermentum@luctussitamet.co.uk,70
erat@auguemalesuada.net,80
commodo.hendrerit.Donec@congueaaliquet.net,93
et@turpisegestasAliquam.org,87
diam.Proin.dolor@pretiumnequeMorbi.ca,62
adipiscing.elit@eutellusPhasellus.edu,19
cursus.a@feugiattelluslorem.edu,64
adipiscing@lobortisnisi.com,90
