Email Address,Grade
amet.ornare.lectus@Pellentesquehabitantmorbi.co.uk,98
orci.quis@dignissim.ca,12
dui@enim.ca,90
eu@Craseget.com,98
aliquet.vel@Vestibulum.org,96
at@massa.net,95
in@iaculis.org,99
porttitor.eros@ametdapibus.com,95
orci.tincidunt.adipiscing@lobortisrisusIn.org,82
Curabitur.egestas.nunc@erat.org,97
ante.ipsum@Phasellusat.edu,77
faucibus@elitNulla.edu,49
Nunc.ullamcorper@aceleifend.net,84
dolor.Quisque.tincidunt@quisarcuvel.com,81
turpis@milorem.ca,79
semper.auctor.Mauris@Maurismagna.com,61
blandit@augue.ca,98
tellus.imperdiet@necmetus.net,98
dui.quis@pretiumneque.com,97
tristique.aliquet.Phasellus@dictumeuplacerat.ca,61
sit@duiSuspendisse.edu,26
pede.Nunc.sed@justoProin.co.uk,99
eu.ultrices.sit@tempuseu.ca,92
Cras.pellentesque.Sed@ligulatortor.ca,87
ut.nulla@Aliquam.edu,96
sem.Nulla@lacuspedesagittis.co.uk,88
Integer.tincidunt.aliquam@enim.ca,76
convallis.convallis@facilisi.edu,100
Etiam.laoreet.libero@amet.org,90
pede@pharetrasedhendrerit.co.uk,94
congue.a@eudoloregestas.edu,90
gravida.Aliquam.tincidunt@nulla.ca,98
vitae@Pellentesque.com,77
inceptos@semperet.ca,84
nec.cursus@arcuVestibulumante.net,74
mauris.Morbi@aliquetnec.edu,79
Donec.consectetuer.mauris@feugiat.co.uk,82
ultricies.sem.magna@scelerisquenequeNullam.edu,99
Nulla@atauctorullamcorper.com,82
Nunc.laoreet@Aliquamrutrum.ca,91
a@acarcuNunc.org,98
Phasellus.fermentum@Proin.org,97
dui.in.sodales@lorem.org,82
nisl.Maecenas@justo.com,87
volutpat@quis.com,95
vitae.orci.Phasellus@turpis.com,91
odio@nonmassa.net,95
Phasellus.at.augue@eu.co.uk,93
vel@enimnonnisi.com,68
orci@purusDuiselementum.ca,84
Pellentesque@eros.ca,94
Mauris.non.dui@blanditatnisi.edu,55
Fusce@vitae.ca,99
malesuada.Integer@ornareplacerat.com,86
id.ante@tellus.net,98
sem.Nulla@at.edu,82
ut.nulla.Cras@nisi.org,95
enim.diam.vel@fringillamilacinia.co.uk,91
et.commodo@elit.com,93
nulla.Integer.urna@tortor.ca,75
velit.Quisque@scelerisque.co.uk,99
aliquet.sem@non.co.uk,80
odio.Aliquam@rhoncus.ca,83
non@Proinmi.edu,96
lorem.fringilla.ornare@non.com,80
ante@auctorMauris.edu,99
ullamcorper.Duis.at@netus.org,63
non.massa.non@Morbivehicula.org,90
Maecenas.mi@Etiamvestibulum.ca,63
Quisque.porttitor.eros@enimMauris.ca,88
consequat.purus.Maecenas@eratSed.com,87
mi@felis.edu,64
orci@metus.edu,84
aliquet.libero.Integer@lectussit.net,96
vel@id.ca,97
ipsum.sodales@purusmauris.edu,100
ac@cubiliaCuraePhasellus.org,86
Donec.dignissim@luctus.ca,81
libero@sagittislobortismauris.net,97
sed@quamquisdiam.edu,88
eu.arcu.Morbi@Curabituregestasnunc.co.uk,84
Proin@vitae.net,98
magna.Sed.eu@loremlorem.ca,90
Quisque@sitametnulla.co.uk,96
malesuada.vel.venenatis@egetmagnaSuspendisse.com,96
Nunc.laoreet@adlitora.net,92
magnis.dis@fringillapurus.org,72
quis@Suspendisse.net,82
Proin.nisl.sem@DonectinciduntDonec.com,74
aliquet.metus.urna@interdum.edu,86
sem.semper.erat@mattissemper.net,69
Fusce@risus.co.uk,91
nonummy.Fusce.fermentum@luctussitamet.co.uk,77
erat@auguemalesuada.net,81
commodo.hendrerit.Donec@congueaaliquet.net,92
et@turpisegestasAliquam.org,92
diam.Proin.dolor@pretiumnequeMorbi.ca,81
adipiscing.elit@eutellusPhasellus.edu,100
cursus.a@feugiattelluslorem.edu,95
adipiscing@lobortisnisi.com,94
