Email Address,Grade
amet.ornare.lectus@Pellentesquehabitantmorbi.co.uk,20
orci.quis@dignissim.ca,73
dui@enim.ca,99
eu@Craseget.com,91
aliquet.vel@Vestibulum.org,70
at@massa.net,100
in@iaculis.org,88
porttitor.eros@ametdapibus.com,89
orci.tincidunt.adipiscing@lobortisrisusIn.org,100
Curabitur.egestas.nunc@erat.org,94
ante.ipsum@Phasellusat.edu,95
faucibus@elitNulla.edu,97
Nunc.ullamcorper@aceleifend.net,100
dolor.Quisque.tincidunt@quisarcuvel.com,92
turpis@milorem.ca,98
semper.auctor.Mauris@Maurismagna.com,99
blandit@augue.ca,89
tellus.imperdiet@necmetus.net,78
dui.quis@pretiumneque.com,46
tristique.aliquet.Phasellus@dictumeuplacerat.ca,99
sit@duiSuspendisse.edu,76
pede.Nunc.sed@justoProin.co.uk,98
eu.ultrices.sit@tempuseu.ca,85
Cras.pellentesque.Sed@ligulatortor.ca,100
ut.nulla@Aliquam.edu,64
sem.Nulla@lacuspedesagittis.co.uk,96
Integer.tincidunt.aliquam@enim.ca,98
convallis.convallis@facilisi.edu,88
Etiam.laoreet.libero@amet.org,99
pede@pharetrasedhendrerit.co.uk,58
congue.a@eudoloregestas.edu,80
gravida.Aliquam.tincidunt@nulla.ca,84
vitae@Pellentesque.com,82
inceptos@semperet.ca,80
nec.cursus@arcuVestibulumante.net,99
mauris.Morbi@aliquetnec.edu,95
Donec.consectetuer.mauris@feugiat.co.uk,80
ultricies.sem.magna@scelerisquenequeNullam.edu,96
Nulla@atauctorullamcorper.com,76
Nunc.laoreet@Aliquamrutrum.ca,97
a@acarcuNunc.org,100
Phasellus.fermentum@Proin.org,99
dui.in.sodales@lorem.org,86
nisl.Maecenas@justo.com,88
volutpat@quis.com,60
vitae.orci.Phasellus@turpis.com,94
odio@nonmassa.net,99
Phasellus.at.augue@eu.co.uk,90
vel@enimnonnisi.com,92
orci@purusDuiselementum.ca,93
Pellentesque@eros.ca,97
Mauris.non.dui@blanditatnisi.edu,64
Fusce@vitae.ca,77
malesuada.Integer@ornareplacerat.com,80
id.ante@tellus.net,82
sem.Nulla@at.edu,83
ut.nulla.Cras@nisi.org,13
enim.diam.vel@fringillamilacinia.co.uk,79
et.commodo@elit.com,81
nulla.Integer.urna@tortor.ca,60
velit.Quisque@scelerisque.co.uk,78
aliquet.sem@non.co.uk,86
odio.Aliquam@rhoncus.ca,94
non@Proinmi.edu,90
lorem.fringilla.ornare@non.com,84
ante@auctorMauris.edu,94
ullamcorper.Duis.at@netus.org,93
non.massa.non@Morbivehicula.org,92
Maecenas.mi@Etiamvestibulum.ca,91
Quisque.porttitor.eros@enimMauris.ca,92
consequat.purus.Maecenas@eratSed.com,62
mi@felis.edu,85
orci@metus.edu,98
aliquet.libero.Integer@lectussit.net,98
vel@id.ca,89
ipsum.sodales@purusmauris.edu,93
ac@cubiliaCuraePhasellus.org,29
Donec.dignissim@luctus.ca,77
libero@sagittislobortismauris.net,94
sed@quamquisdiam.edu,97
eu.arcu.Morbi@Curabituregestasnunc.co.uk,83
Proin@vitae.net,69
magna.Sed.eu@loremlorem.ca,97
Quisque@sitametnulla.co.uk,95
malesuada.vel.venenatis@egetmagnaSuspendisse.com,90
Nunc.laoreet@adlitora.net,83
magnis.dis@fringillapurus.org,92
quis@Suspendisse.net,87
Proin.nisl.sem@DonectinciduntDonec.com,97
aliquet.metus.urna@interdum.edu,83
sem.semper.erat@mattissemper.net,85
Fusce@risus.co.uk,98
nonummy.Fusce.fermentum@luctussitamet.co.uk,91
erat@auguemalesuada.net,93
commodo.hendrerit.Donec@congueaaliquet.net,83
et@turpisegestasAliquam.org,96
diam.Proin.dolor@pretiumnequeMorbi.ca,96
adipiscing.elit@eutellusPhasellus.edu,99
cursus.a@feugiattelluslorem.edu,84
adipiscing@lobortisnisi.com,92
