Email Address,Grade
amet.ornare.lectus@Pellentesquehabitantmorbi.co.uk,94
orci.quis@dignissim.ca,97
dui@enim.ca,94
eu@Craseget.com,48
aliquet.vel@Vestibulum.org,94
at@massa.net,84
in@iaculis.org,67
porttitor.eros@ametdapibus.com,90
orci.tincidunt.adipiscing@lobortisrisusIn.org,86
Curabitur.egestas.nunc@erat.org,88
ante.ipsum@Phasellusat.edu,75
faucibus@elitNulla.edu,97
Nunc.ullamcorper@aceleifend.net,96
dolor.Quisque.tincidunt@quisarcuvel.com,94
turpis@milorem.ca,26
semper.auctor.Mauris@Maurismagna.com,90
blandit@augue.ca,84
tellus.imperdiet@necmetus.net,62
dui.quis@pretiumneque.com,26
tristique.aliquet.Phasellus@dictumeuplacerat.ca,62
sit@duiSuspendisse.edu,82
pede.Nunc.sed@justoProin.co.uk,90
eu.ultrices.sit@tempuseu.ca,82
Cras.pellentesque.Sed@ligulatortor.ca,48
ut.nulla@Aliquam.edu,89
sem.Nulla@lacuspedesagittis.co.uk,68
Integer.tincidunt.aliquam@enim.ca,86
convallis.convallis@facilisi.edu,86
Etiam.laoreet.libero@amet.org,94
pede@pharetrasedhendrerit.co.uk,56
congue.a@eudoloregestas.edu,99
gravida.Aliquam.tincidunt@nulla.ca,69
vitae@Pellentesque.com,98
inceptos@semperet.ca,84
nec.cursus@arcuVestibulumante.net,81
mauris.Morbi@aliquetnec.edu,93
Donec.consectetuer.mauris@feugiat.co.uk,2
ultricies.sem.magna@scelerisquenequeNullam.edu,1
Nulla@atauctorullamcorper.com,71
Nunc.laoreet@Aliquamrutrum.ca,85
a@acarcuNunc.org,96
Phasellus.fermentum@Proin.org,60
dui.in.sodales@lorem.org,93
nisl.Maecenas@justo.com,99
volutpat@quis.com,96
vitae.orci.Phasellus@turpis.com,65
odio@nonmassa.net,88
Phasellus.at.augue@eu.co.uk,71
vel@enimnonnisi.com,17
orci@purusDuiselementum.ca,83
Pellentesque@eros.ca,100
Mauris.non.dui@blanditatnisi.edu,99
Fusce@vitae.ca,84
malesuada.Integer@ornareplacerat.com,32
id.ante@tellus.net,78
sem.Nulla@at.edu,77
ut.nulla.Cras@nisi.org,85
enim.diam.vel@fringillamilacinia.co.uk,93
et.commodo@elit.com,86
nulla.Integer.urna@tortor.ca,72
velit.Quisque@scelerisque.co.uk,90
aliquet.sem@non.co.uk,72
odio.Aliquam@rhoncus.ca,99
non@Proinmi.edu,96
lorem.fringilla.ornare@non.com,93
ante@auctorMauris.edu,88
ullamcorper.Duis.at@netus.org,83
non.massa.non@Morbivehicula.org,95
Maecenas.mi@Etiamvestibulum.ca,97
Quisque.porttitor.eros@enimMauris.ca,96
consequat.purus.Maecenas@eratSed.com,80
mi@felis.edu,67
orci@metus.edu,82
aliquet.libero.Integer@lectussit.net,92
vel@id.ca,80
ipsum.sodales@purusmauris.edu,100
ac@cubiliaCuraePhasellus.org,88
Donec.dignissim@luctus.ca,90
libero@sagittislobortismauris.net,75
sed@quamquisdiam.edu,94
eu.arcu.Morbi@Curabituregestasnunc.co.uk,88
Proin@vitae.net,84
magna.Sed.eu@loremlorem.ca,72
Quisque@sitametnulla.co.uk,99
malesuada.vel.venenatis@egetmagnaSuspendisse.com,90
Nunc.laoreet@adlitora.net,98
magnis.dis@fringillapurus.org,80
quis@Suspendisse.net,98
Proin.nisl.sem@DonectinciduntDonec.com,60
aliquet.metus.urna@interdum.edu,88
sem.semper.erat@mattissemper.net,84
Fusce@risus.co.uk,82
nonummy.Fusce.fermentum@luctussitamet.co.uk,90
erat@auguemalesuada.net,81
commodo.hendrerit.Donec@congueaaliquet.net,92
et@turpisegestasAliquam.org,66
diam.Proin.dolor@pretiumnequeMorbi.ca,94
adipiscing.elit@eutellusPhasellus.edu,92
cursus.a@feugiattelluslorem.edu,98
adipiscing@lobortisnisi.com,41
