Email Address,Grade
amet.ornare.lectus@Pellentesquehabitantmorbi.co.uk,63
orci.quis@dignissim.ca,48
dui@enim.ca,92
eu@Craseget.com,92
aliquet.vel@Vestibulum.org,93
at@massa.net,71
in@iaculis.org,76
porttitor.eros@ametdapibus.com,7
orci.tincidunt.adipiscing@lobortisrisusIn.org,92
Curabitur.egestas.nunc@erat.org,79
ante.ipsum@Phasellusat.edu,96
faucibus@elitNulla.edu,53
Nunc.ullamcorper@aceleifend.net,98
dolor.Quisque.tincidunt@quisarcuvel.com,75
turpis@milorem.ca,98
semper.auctor.Mauris@Maurismagna.com,92
blandit@augue.ca,79
tellus.imperdiet@necmetus.net,83
dui.quis@pretiumneque.com,91
tristique.aliquet.Phasellus@dictumeuplacerat.ca,98
sit@duiSuspendisse.edu,87
pede.Nunc.sed@justoProin.co.uk,81
eu.ultrices.sit@tempuseu.ca,96
Cras.pellentesque.Sed@ligulatortor.ca,71
ut.nulla@Aliquam.edu,61
sem.Nulla@lacuspedesagittis.co.uk,92
Integer.tincidunt.aliquam@enim.ca,94
convallis.convallis@facilisi.edu,88
Etiam.laoreet.libero@amet.org,68
pede@pharetrasedhendrerit.co.uk,64
congue.a@eudoloregestas.edu,99
gravida.Aliquam.tincidunt@nulla.ca,90
vitae@Pellentesque.com,89
inceptos@semperet.ca,100
nec.cursus@arcuVestibulumante.net,93
mauris.Morbi@aliquetnec.edu,96
Donec.consectetuer.mauris@feugiat.co.uk,70
ultricies.sem.magna@scelerisquenequeNullam.edu,21
Nulla@atauctorullamcorper.com,95
Nunc.laoreet@Aliquamrutrum.ca,94
a@acarcuNunc.org,85
Phasellus.fermentum@Proin.org,94
dui.in.sodales@lorem.org,90
nisl.Maecenas@justo.com,85
volutpat@quis.com,84
vitae.orci.Phasellus@turpis.com,96
odio@nonmassa.net,90
Phasellus.at.augue@eu.co.uk,94
vel@enimnonnisi.com,73
orci@purusDuiselementum.ca,88
Pellentesque@eros.ca,92
Mauris.non.dui@blanditatnisi.edu,100
Fusce@vitae.ca,69
malesuada.Integer@ornareplacerat.com,72
id.ante@tellus.net,93
sem.Nulla@at.edu,78
ut.nulla.Cras@nisi.org,100
enim.diam.vel@fringillamilacinia.co.uk,99
et.commodo@elit.com,96
nulla.Integer.urna@tortor.ca,92
velit.Quisque@scelerisque.co.uk,84
aliquet.sem@non.co.uk,84
odio.Aliquam@rhoncus.ca,100
non@Proinmi.edu,99
lorem.fringilla.ornare@non.com,71
ante@auctorMauris.edu,80
ullamcorper.Duis.at@netus.org,98
non.massa.non@Morbivehicula.org,99
Maecenas.mi@Etiamvestibulum.ca,79
Quisque.porttitor.eros@enimMauris.ca,94
consequat.purus.Maecenas@eratSed.com,63
mi@felis.edu,98
orci@metus.edu,64
aliquet.libero.Integer@lectussit.net,100
vel@id.ca,63
ipsum.sodales@purusmauris.edu,10
ac@cubiliaCuraePhasellus.org,74
Donec.dignissim@luctus.ca,75
libero@sagittislobortismauris.net,94
sed@quamquisdiam.edu,77
eu.arcu.Morbi@Curabituregestasnunc.co.uk,96
Proin@vitae.net,87
magna.Sed.eu@loremlorem.ca,96
Quisque@sitametnulla.co.uk,100
malesuada.vel.venenatis@egetmagnaSuspendisse.com,98
Nunc.laoreet@adlitora.net,61
magnis.dis@fringillapurus.org,95
quis@Suspendisse.net,61
Proin.nisl.sem@DonectinciduntDonec.com,82
aliquet.metus.urna@interdum.edu,91
sem.semper.erat@mattissemper.net,68
Fusce@risus.co.uk,75
nonummy.Fusce.fermentum@luctussitamet.co.uk,88
erat@auguemalesuada.net,64
commodo.hendrerit.Donec@congueaaliquet.net,87
et@turpisegestasAliquam.org,89
diam.Proin.dolor@pretiumnequeMorbi.ca,86
adipiscing.elit@eutellusPhasellus.edu,82
cursus.a@feugiattelluslorem.edu,73
adipiscing@lobortisnisi.com,85
