Email Address,Grade
amet.ornare.lectus@Pellentesquehabitantmorbi.co.uk,85
orci.quis@dignissim.ca,95
dui@enim.ca,99
eu@Craseget.com,40
aliquet.vel@Vestibulum.org,87
at@massa.net,94
in@iaculis.org,91
porttitor.eros@ametdapibus.com,91
orci.tincidunt.adipiscing@lobortisrisusIn.org,99
Curabitur.egestas.nunc@erat.org,96
ante.ipsum@Phasellusat.edu,92
faucibus@elitNulla.edu,95
Nunc.ullamcorper@aceleifend.net,96
dolor.Quisque.tincidunt@quisarcuvel.com,76
turpis@milorem.ca,100
semper.auctor.Mauris@Maurismagna.com,100
blandit@augue.ca,79
tellus.imperdiet@necmetus.net,73
dui.quis@pretiumneque.com,98
tristique.aliquet.Phasellus@dictumeuplacerat.ca,17
sit@duiSuspendisse.edu,75
pede.Nunc.sed@justoProin.co.uk,93
eu.ultrices.sit@tempuseu.ca,97
Cras.pellentesque.Sed@ligulatortor.ca,80
ut.nulla@Aliquam.edu,97
sem.Nulla@lacuspedesagittis.co.uk,83
Integer.tincidunt.aliquam@enim.ca,89
convallis.convallis@facilisi.edu,83
Etiam.laoreet.libero@amet.org,84
pede@pharetrasedhendrerit.co.uk,70
congue.a@eudoloregestas.edu,85
gravida.Aliquam.tincidunt@nulla.ca,91
vitae@Pellentesque.com,71
inceptos@semperet.ca,88
nec.cursus@arcuVestibulumante.net,84
mauris.Morbi@aliquetnec.edu,100
Donec.consectetuer.mauris@feugiat.co.uk,49
ultricies.sem.magna@scelerisquenequeNullam.edu,4
Nulla@atauctorullamcorper.com,88
Nunc.laoreet@Aliquamrutrum.ca,72
a@acarcuNunc.org,81
Phasellus.fermentum@Proin.org,81
dui.in.sodales@lorem.org,76
nisl.Maecenas@justo.com,92
volutpat@quis.com,59
vitae.orci.Phasellus@turpis.com,2
odio@nonmassa.net,62
Phasellus.at.augue@eu.co.uk,65
vel@enimnonnisi.com,96
orci@purusDuiselementum.ca,100
Pellentesque@eros.ca,91
Mauris.non.dui@blanditatnisi.edu,57
Fusce@vitae.ca,95
malesuada.Integer@ornareplacerat.com,95
id.ante@tellus.net,76
sem.Nulla@at.edu,98
ut.nulla.Cras@nisi.org,96
enim.diam.vel@fringillamilacinia.co.uk,94
et.commodo@elit.com,98
nulla.Integer.urna@tortor.ca,100
velit.Quisque@scelerisque.co.uk,99
aliquet.sem@non.co.uk,89
odio.Aliquam@rhoncus.ca,59
non@Proinmi.edu,8
lorem.fringilla.ornare@non.com,80
ante@auctorMauris.edu,91
ullamcorper.Duis.at@netus.org,68
non.massa.non@Morbivehicula.org,91
Maecenas.mi@Etiamvestibulum.ca,71
Quisque.porttitor.eros@enimMauris.ca,84
consequat.purus.Maecenas@eratSed.com,88
mi@felis.edu,100
orci@metus.edu,98
aliquet.libero.Integer@lectussit.net,98
vel@id.ca,84
ipsum.sodales@purusmauris.edu,97
ac@cubiliaCuraePhasellus.org,99
Donec.dignissim@luctus.ca,91
libero@sagittislobortismauris.net,78
sed@quamquisdiam.edu,94
eu.arcu.Morbi@Curabituregestasnunc.co.uk,100
Proin@vitae.net,81
magna.Sed.eu@loremlorem.ca,86
Quisque@sitametnulla.co.uk,83
malesuada.vel.venenatis@egetmagnaSuspendisse.com,95
Nunc.laoreet@adlitora.net,64
magnis.dis@fringillapurus.org,94
quis@Suspendisse.net,87
Proin.nisl.sem@DonectinciduntDonec.com,84
aliquet.metus.urna@interdum.edu,94
sem.semper.erat@mattissemper.net,98
Fusce@risus.co.uk,81
nonummy.Fusce.fermentum@luctussitamet.co.uk,91
erat@auguemalesuada.net,84
commodo.hendrerit.Donec@congueaaliquet.net,70
et@turpisegestasAliquam.org,19
diam.Proin.dolor@pretiumnequeMorbi.ca,93
adipiscing.elit@eutellusPhasellus.edu,98
cursus.a@feugiattelluslorem.edu,95
adipiscing@lobortisnisi.com,90
