Email Address,Grade
amet.ornare.lectus@Pellentesquehabitantmorbi.co.uk,99
orci.quis@dignissim.ca,86
dui@enim.ca,94
eu@Craseget.com,91
aliquet.vel@Vestibulum.org,66
at@massa.net,84
in@iaculis.org,75
porttitor.eros@ametdapibus.com,99
orci.tincidunt.adipiscing@lobortisrisusIn.org,100
Curabitur.egestas.nunc@erat.org,62
ante.ipsum@Phasellusat.edu,96
faucibus@elitNulla.edu,93
Nunc.ullamcorper@aceleifend.net,100
dolor.Quisque.tincidunt@quisarcuvel.com,93
turpis@milorem.ca,74
semper.auctor.Mauris@Maurismagna.com,100
blandit@augue.ca,78
tellus.imperdiet@necmetus.net,90
dui.quis@pretiumneque.com,23
tristique.aliquet.Phasellus@dictumeuplacerat.ca,84
sit@duiSuspendisse.edu,94
pede.Nunc.sed@justoProin.co.uk,59
eu.ultrices.sit@tempuseu.ca,97
Cras.pellentesque.Sed@ligulatortor.ca,69
ut.nulla@Aliquam.edu,86
sem.Nulla@lacuspedesagittis.co.uk,68
Integer.tincidunt.aliquam@enim.ca,81
convallis.convallis@facilisi.edu,49
Etiam.laoreet.libero@amet.org,92
pede@pharetrasedhendrerit.co.uk,82
congue.a@eudoloregestas.edu,99
gravida.Aliquam.tincidunt@nulla.ca,96
vitae@Pellentesque.com,89
inceptos@semperet.ca,97
nec.cursus@arcuVestibulumante.net,94
mauris.Morbi@aliquetnec.edu,89
Donec.consectetuer.mauris@feugiat.co.uk,71
ultricies.sem.magna@scelerisquenequeNullam.edu,80
Nulla@atauctorullamcorper.com,83
Nunc.laoreet@Aliquamrutrum.ca,76
a@acarcuNunc.org,94
Phasellus.fermentum@Proin.org,73
dui.in.sodales@lorem.org,77
nisl.Maecenas@justo.com,82
volutpat@quis.com,96
vitae.orci.Phasellus@turpis.com,75
odio@nonmassa.net,73
Phasellus.at.augue@eu.co.uk,95
vel@enimnonnisi.com,95
orci@purusDuiselementum.ca,95
Pellentesque@eros.ca,96
Mauris.non.dui@blanditatnisi.edu,81
Fusce@vitae.ca,95
malesuada.Integer@ornareplacerat.com,66
id.ante@tellus.net,79
sem.Nulla@at.edu,90
ut.nulla.Cras@nisi.org,73
enim.diam.vel@fringillamilacinia.co.uk,86
et.commodo@elit.com,88
nulla.Integer.urna@tortor.ca,61
velit.Quisque@scelerisque.co.uk,50
aliquet.sem@non.co.uk,96
odio.Aliquam@rhoncus.ca,100
non@Proinmi.edu,93
lorem.fringilla.ornare@non.com,85
ante@auctorMauris.edu,88
ullamcorper.Duis.at@netus.org,74
non.massa.non@Morbivehicula.org,94
Maecenas.mi@Etiamvestibulum.ca,99
Quisque.porttitor.eros@enimMauris.ca,71
consequat.purus.Maecenas@eratSed.com,66
mi@felis.edu,97
orci@metus.edu,92
aliquet.libero.Integer@lectussit.net,100
vel@id.ca,81
ipsum.sodales@purusmauris.edu,89
ac@cubiliaCuraePhasellus.org,98
Donec.dignissim@luctus.ca,92
libero@sagittislobortismauris.net,90
sed@quamquisdiam.edu,74
eu.arcu.Morbi@Curabituregestasnunc.co.uk,82
Proin@vitae.net,17
magna.Sed.eu@loremlorem.ca,88
Quisque@sitametnulla.co.uk,98
malesuada.vel.venenatis@egetmagnaSuspendisse.com,79
Nunc.laoreet@adlitora.net,86
magnis.dis@fringillapurus.org,48
quis@Suspendisse.net,96
Proin.nisl.sem@DonectinciduntDonec.com,85
aliquet.metus.urna@interdum.edu,83
sem.semper.erat@mattissemper.net,98
Fusce@risus.co.uk,80
nonummy.Fusce.fermentum@luctussitamet.co.uk,98
erat@auguemalesuada.net,95
commodo.hendrerit.Donec@congueaaliquet.net,89
et@turpisegestasAliquam.org,74
diam.Proin.dolor@pretiumnequeMorbi.ca,95
adipiscing.elit@eutellusPhasellus.edu,82
cursus.a@feugiattelluslorem.edu,77
adipiscing@lobortisnisi.com,80
