Email Address,Grade
amet.ornare.lectus@Pellentesquehabitantmorbi.co.uk,91
orci.quis@dignissim.ca,70
dui@enim.ca,70
eu@Craseget.com,63
aliquet.vel@Vestibulum.org,7
at@massa.net,64
in@iaculis.org,89
porttitor.eros@ametdapibus.com,67
orci.tincidunt.adipiscing@lobortisrisusIn.org,76
Curabitur.egestas.nunc@erat.org,90
ante.ipsum@Phasellusat.edu,13
faucibus@elitNulla.edu,91
Nunc.ullamcorper@aceleifend.net,97
dolor.Quisque.tincidunt@quisarcuvel.com,91
turpis@milorem.ca,86
semper.auctor.Mauris@Maurismagna.com,83
blandit@augue.ca,86
tellus.imperdiet@necmetus.net,90
dui.quis@pretiumneque.com,90
tristique.aliquet.Phasellus@dictumeuplacerat.ca,93
sit@duiSuspendisse.edu,98
pede.Nunc.sed@justoProin.co.uk,85
eu.ultrices.sit@tempuseu.ca,99
Cras.pellentesque.Sed@ligulatortor.ca,87
ut.nulla@Aliquam.edu,93
sem.Nulla@lacuspedesagittis.co.uk,27
Integer.tincidunt.aliquam@enim.ca,81
convallis.convallis@facilisi.edu,90
Etiam.laoreet.libero@amet.org,100
pede@pharetrasedhendrerit.co.uk,92
congue.a@eudoloregestas.edu,99
gravida.Aliquam.tincidunt@nulla.ca,82
vitae@Pellentesque.com,98
inceptos@semperet.ca,81
nec.cursus@arcuVestibulumante.net,85
mauris.Morbi@aliquetnec.edu,71
Donec.consectetuer.mauris@feugiat.co.uk,81
ultricies.sem.magna@scelerisquenequeNullam.edu,78
Nulla@atauctorullamcorper.com,90
Nunc.laoreet@Aliquamrutrum.ca,93
a@acarcuNunc.org,72
Phasellus.fermentum@Proin.org,80
dui.in.sodales@lorem.org,64
nisl.Maecenas@justo.com,70
volutpat@quis.com,72
vitae.orci.Phasellus@turpis.com,83
odio@nonmassa.net,94
Phasellus.at.augue@eu.co.uk,100
vel@enimnonnisi.com,65
orci@purusDuiselementum.ca,99
Pellentesque@eros.ca,86
Mauris.non.dui@blanditatnisi.edu,98
Fusce@vitae.ca,88
malesuada.Integer@ornareplacerat.com,89
id.ante@tellus.net,82
sem.Nulla@at.edu,93
ut.nulla.Cras@nisi.org,93
enim.diam.vel@fringillamilacinia.co.uk,92
et.commodo@elit.com,81
nulla.Integer.urna@tortor.ca,96
velit.Quisque@scelerisque.co.uk,23
aliquet.sem@non.co.uk,100
odio.Aliquam@rhoncus.ca,93
non@Proinmi.edu,82
lorem.fringilla.ornare@non.com,94
ante@auctorMauris.edu,92
ullamcorper.Duis.at@netus.org,73
non.massa.non@Morbivehicula.org,44
Maecenas.mi@Etiamvestibulum.ca,90
Quisque.porttitor.eros@enimMauris.ca,55
consequat.purus.Maecenas@eratSed.com,90
mi@felis.edu,93
orci@metus.edu,97
aliquet.libero.Integer@lectussit.net,78
vel@id.ca,76
ipsum.sodales@purusmauris.edu,83
ac@cubiliaCuraePhasellus.org,64
Donec.dignissim@luctus.ca,90
libero@sagittislobortismauris.net,78
sed@quamquisdiam.edu,66
eu.arcu.Morbi@Curabituregestasnunc.co.uk,88
Proin@vitae.net,86
magna.Sed.eu@loremlorem.ca,67
Quisque@sitametnulla.co.uk,98
malesuada.vel.venenatis@egetmagnaSuspendisse.com,70
Nunc.laoreet@adlitora.net,34
magnis.dis@fringillapurus.org,97
quis@Suspendisse.net,80
Proin.nisl.sem@DonectinciduntDonec.com,84
aliquet.metus.urna@interdum.edu,60
sem.semper.erat@mattissemper.net,97
Fusce@risus.co.uk,88
nonummy.Fusce.fermentum@luctussitamet.co.uk,95
erat@auguemalesuada.net,93
commodo.hendrerit.Donec@congueaaliquet.net,92
et@turpisegestasAliquam.org,93
diam.Proin.dolor@pretiumnequeMorbi.ca,87
adipiscing.elit@eutellusPhasellus.edu,98
cursus.a@feugiattelluslorem.edu,68
adipiscing@lobortisnisi.com,44
