Email Address,Grade
amet.ornare.lectus@Pellentesquehabitantmorbi.co.uk,94
orci.quis@dignissim.ca,80
dui@enim.ca,98
eu@Craseget.com,85
aliquet.vel@Vestibulum.org,93
at@massa.net,91
in@iaculis.org,92
porttitor.eros@ametdapibus.com,87
orci.tincidunt.adipiscing@lobortisrisusIn.org,89
Curabitur.egestas.nunc@erat.org,82
ante.ipsum@Phasellusat.edu,87
faucibus@elitNulla.edu,82
Nunc.ullamcorper@aceleifend.net,61
dolor.Quisque.tincidunt@quisarcuvel.com,99
turpis@milorem.ca,93
semper.auctor.Mauris@Maurismagna.com,86
blandit@augue.ca,99
tellus.imperdiet@necmetus.net,66
dui.quis@pretiumneque.com,76
tristique.aliquet.Phasellus@dictumeuplacerat.ca,100
sit@duiSuspendisse.edu,100
pede.Nunc.sed@justoProin.co.uk,70
eu.ultrices.sit@tempuseu.ca,97
Cras.pellentesque.Sed@ligulatortor.ca,100
ut.nulla@Aliquam.edu,78
sem.Nulla@lacuspedesagittis.co.uk,77
Integer.tincidunt.aliquam@enim.ca,67
convallis.convallis@facilisi.edu,80
Etiam.laoreet.libero@amet.org,82
pede@pharetrasedhendrerit.co.uk,99
congue.a@eudoloregestas.edu,80
gravida.Aliquam.tincidunt@nulla.ca,88
vitae@Pellentesque.com,89
inceptos@semperet.ca,81
nec.cursus@arcuVestibulumante.net,81
mauris.Morbi@aliquetnec.edu,67
Donec.consectetuer.mauris@feugiat.co.uk,91
ultricies.sem.magna@scelerisquenequeNullam.edu,95
Nulla@atauctorullamcorper.com,84
Nunc.laoreet@Aliquamrutrum.ca,95
a@acarcuNunc.org,93
Phasellus.fermentum@Proin.org,99
dui.in.sodales@lorem.org,80
nisl.Maecenas@justo.com,80
volutpat@quis.com,78
vitae.orci.Phasellus@turpis.com,93
odio@nonmassa.net,92
Phasellus.at.augue@eu.co.uk,84
vel@enimnonnisi.com,94
orci@purusDuiselementum.ca,23
Pellentesque@eros.ca,96
Mauris.non.dui@blanditatnisi.edu,95
Fusce@vitae.ca,85
malesuada.Integer@ornareplacerat.com,66
id.ante@tellus.net,26
sem.Nulla@at.edu,96
ut.nulla.Cras@nisi.org,85
enim.diam.vel@fringillamilacinia.co.uk,93
et.commodo@elit.com,98
nulla.Integer.urna@tortor.ca,97
velit.Quisque@scelerisque.co.uk,91
aliquet.sem@non.co.uk,99
odio.Aliquam@rhoncus.ca,18
non@Proinmi.edu,79
lorem.fringilla.ornare@non.com,98
ante@auctorMauris.edu,45
ullamcorper.Duis.at@netus.org,73
non.massa.non@Morbivehicula.org,99
Maecenas.mi@Etiamvestibulum.ca,85
Quisque.porttitor.eros@enimMauris.ca,85
consequat.purus.Maecenas@eratSed.com,61
mi@felis.edu,96
orci@metus.edu,100
aliquet.libero.Integer@lectussit.net,72
vel@id.ca,74
ipsum.sodales@purusmauris.edu,46
ac@cubiliaCuraePhasellus.org,62
Donec.dignissim@luctus.ca,97
libero@sagittislobortismauris.net,99
sed@quamquisdiam.edu,100
eu.arcu.Morbi@Curabituregestasnunc.co.uk,73
Proin@vitae.net,68
magna.Sed.eu@loremlorem.ca,100
Quisque@sitametnulla.co.uk,86
malesuada.vel.venenatis@egetmagnaSuspendisse.com,94
Nunc.laoreet@adlitora.net,85
magnis.dis@fringillapurus.org,94
quis@Suspendisse.net,94
Proin.nisl.sem@DonectinciduntDonec.com,87
aliquet.metus.urna@interdum.edu,84
sem.semper.erat@mattissemper.net,92
Fusce@risus.co.uk,90
nonummy.Fusce.fermentum@luctussitamet.co.uk,87
erat@auguemalesuada.net,81
commodo.hendrerit.Donec@congueaaliquet.net,100
et@turpisegestasAliquam.org,55
diam.Proin.dolor@pretiumnequeMorbi.ca,81
adipiscing.elit@eutellusPhasellus.edu,90
cursus.a@feugiattelluslorem.edu,77
adipiscing@lobortisnisi.com,60
