Email Address,Grade
amet.ornare.lectus@Pellentesquehabitantmorbi.co.uk,98
orci.quis@dignissim.ca,96
dui@enim.ca,41
eu@Craseget.com,65
aliquet.vel@Vestibulum.org,75
at@massa.net,77
in@iaculis.org,87
porttitor.eros@ametdapibus.com,93
orci.tincidunt.adipiscing@lobortisrisusIn.org,84
Curabitur.egestas.nunc@erat.org,97
ante.ipsum@Phasellusat.edu,87
faucibus@elitNulla.edu,80
Nunc.ullamcorper@aceleifend.net,19
dolor.Quisque.tincidunt@quisarcuvel.com,96
turpis@milorem.ca,83
semper.auctor.Mauris@Maurismagna.com,98
blandit@augue.ca,65
tellus.imperdiet@necmetus.net,78
dui.quis@pretiumneque.com,39
tristique.aliquet.Phasellus@dictumeuplacerat.ca,97
sit@duiSuspendisse.edu,96
pede.Nunc.sed@justoProin.co.uk,53
eu.ultrices.sit@tempuseu.ca,84
Cras.pellentesque.Sed@ligulatortor.ca,85
ut.nulla@Aliquam.edu,88
sem.Nulla@lacuspedesagittis.co.uk,73
Integer.tincidunt.aliquam@enim.ca,96
convallis.convallis@facilisi.edu,94
Etiam.laoreet.libero@amet.org,84
pede@pharetrasedhendrerit.co.uk,95
congue.a@eudoloregestas.edu,97
gravida.Aliquam.tincidunt@nulla.ca,89
vitae@Pellentesque.com,66
inceptos@semperet.ca,80
nec.cursus@arcuVestibulumante.net,93
mauris.Morbi@aliquetnec.edu,98
Donec.consectetuer.mauris@feugiat.co.uk,38
ultricies.sem.magna@scelerisquenequeNullam.edu,95
Nulla@atauctorullamcorper.com,71
Nunc.laoreet@Aliquamrutrum.ca,100
a@acarcuNunc.org,100
Phasellus.fermentum@Proin.org,95
dui.in.sodales@lorem.org,92
nisl.Maecenas@justo.com,90
volutpat@quis.com,97
vitae.orci.Phasellus@turpis.com,60
odio@nonmassa.net,77
Phasellus.at.augue@eu.co.uk,80
vel@enimnonnisi.com,99
orci@purusDuiselementum.ca,96
Pellentesque@eros.ca,61
Mauris.non.dui@blanditatnisi.edu,13
Fusce@vitae.ca,100
malesuada.Integer@ornareplacerat.com,93
id.ante@tellus.net,81
sem.Nulla@at.edu,89
ut.nulla.Cras@nisi.org,97
enim.diam.vel@fringillamilacinia.co.uk,99
et.commodo@elit.com,86
nulla.Integer.urna@tortor.ca,100
velit.Quisque@scelerisque.co.uk,100
aliquet.sem@non.co.uk,97
odio.Aliquam@rhoncus.ca,99
non@Proinmi.edu,99
lorem.fringilla.ornare@non.com,97
ante@auctorMauris.edu,82
ullamcorper.Duis.at@netus.org,90
non.massa.non@Morbivehicula.org,90
Maecenas.mi@Etiamvestibulum.ca,90
Quisque.porttitor.eros@enimMauris.ca,85
consequat.purus.Maecenas@eratSed.com,97
mi@felis.edu,21
orci@metus.edu,82
aliquet.libero.Integer@lectussit.net,66
vel@id.ca,96
ipsum.sodales@purusmauris.edu,87
ac@cubiliaCuraePhasellus.org,82
Donec.dignissim@luctus.ca,100
libero@sagittislobortismauris.net,77
sed@quamquisdiam.edu,89
eu.arcu.Morbi@Curabituregestasnunc.co.uk,93
Proin@vitae.net,77
magna.Sed.eu@loremlorem.ca,97
Quisque@sitametnulla.co.uk,99
malesuada.vel.venenatis@egetmagnaSuspendisse.com,93
Nunc.laoreet@adlitora.net,84
magnis.dis@fringillapurus.org,92
quis@Suspendisse.net,89
Proin.nisl.sem@DonectinciduntDonec.com,41
aliquet.metus.urna@interdum.edu,91
sem.semper.erat@mattissemper.net,84
Fusce@risus.co.uk,84
nonummy.Fusce.fermentum@luctussitamet.co.uk,89
erat@auguemalesuada.net,95
commodo.hendrerit.Donec@congueaaliquet.net,67
et@turpisegestasAliquam.org,67
diam.Proin.dolor@pretiumnequeMorbi.ca,95
adipiscing.elit@eutellusPhasellus.edu,88
cursus.a@feugiattelluslorem.edu,87
adipiscing@lobortisnisi.com,97
