Email Address,Grade
amet.ornare.lectus@Pellentesquehabitantmorbi.co.uk,94
orci.quis@dignissim.ca,54
dui@enim.ca,71
eu@Craseget.com,68
aliquet.vel@Vestibulum.org,91
at@massa.net,91
in@iaculis.org,34
porttitor.eros@ametdapibus.com,94
orci.tincidunt.adipiscing@lobortisrisusIn.org,99
Curabitur.egestas.nunc@erat.org,86
ante.ipsum@Phasellusat.edu,100
faucibus@elitNulla.edu,94
Nunc.ullamcorper@aceleifend.net,91
dolor.Quisque.tincidunt@quisarcuvel.com,94
turpis@milorem.ca,71
semper.auctor.Mauris@Maurismagna.com,93
blandit@augue.ca,100
tellus.imperdiet@necmetus.net,86
dui.quis@pretiumneque.com,80
tristique.aliquet.Phasellus@dictumeuplacerat.ca,86
sit@duiSuspendisse.edu,96
pede.Nunc.sed@justoProin.co.uk,77
eu.ultrices.sit@tempuseu.ca,95
Cras.pellentesque.Sed@ligulatortor.ca,99
ut.nulla@Aliquam.edu,93
sem.Nulla@lacuspedesagittis.co.uk,98
Integer.tincidunt.aliquam@enim.ca,2
convallis.convallis@facilisi.edu,80
Etiam.laoreet.libero@amet.org,89
pede@pharetrasedhendrerit.co.uk,24
congue.a@eudoloregestas.edu,75
gravida.Aliquam.tincidunt@nulla.ca,99
vitae@Pellentesque.com,91
inceptos@semperet.ca,98
nec.cursus@arcuVestibulumante.net,98
mauris.Morbi@aliquetnec.edu,93
Donec.consectetuer.mauris@feugiat.co.uk,99
ultricies.sem.magna@scelerisquenequeNullam.edu,74
Nulla@atauctorullamcorper.com,96
Nunc.laoreet@Aliquamrutrum.ca,90
a@acarcuNunc.org,92
Phasellus.fermentum@Proin.org,86
dui.in.sodales@lorem.org,75
nisl.Maecenas@justo.com,63
volutpat@quis.com,97
vitae.orci.Phasellus@turpis.com,27
odio@nonmassa.net,87
Phasellus.at.augue@eu.co.uk,81
vel@enimnonnisi.com,31
orci@purusDuiselementum.ca,100
Pellentesque@eros.ca,32
Mauris.non.dui@blanditatnisi.edu,100
Fusce@vitae.ca,99
malesuada.Integer@ornareplacerat.com,3
id.ante@tellus.net,92
sem.Nulla@at.edu,90
ut.nulla.Cras@nisi.org,94
enim.diam.vel@fringillamilacinia.co.uk,87
et.commodo@elit.com,98
nulla.Integer.urna@tortor.ca,97
velit.Quisque@scelerisque.co.uk,88
aliquet.sem@non.co.uk,87
odio.Aliquam@rhoncus.ca,83
non@Proinmi.edu,80
lorem.fringilla.ornare@non.com,97
ante@auctorMauris.edu,89
ullamcorper.Duis.at@netus.org,80
non.massa.non@Morbivehicula.org,70
Maecenas.mi@Etiamvestibulum.ca,90
Quisque.porttitor.eros@enimMauris.ca,99
consequat.purus.Maecenas@eratSed.com,99
mi@felis.edu,91
orci@metus.edu,84
aliquet.libero.Integer@lectussit.net,94
vel@id.ca,93
ipsum.sodales@purusmauris.edu,91
ac@cubiliaCuraePhasellus.org,79
Donec.dignissim@luctus.ca,91
libero@sagittislobortismauris.net,92
sed@quamquisdiam.edu,88
eu.arcu.Morbi@Curabituregestasnunc.co.uk,90
Proin@vitae.net,92
magna.Sed.eu@loremlorem.ca,95
Quisque@sitametnulla.co.uk,98
malesuada.vel.venenatis@egetmagnaSuspendisse.com,80
Nunc.laoreet@adlitora.net,91
magnis.dis@fringillapurus.org,79
quis@Suspendisse.net,67
Proin.nisl.sem@DonectinciduntDonec.com,81
aliquet.metus.urna@interdum.edu,93
sem.semper.erat@mattissemper.net,31
Fusce@risus.co.uk,87
nonummy.Fusce.fermentum@luctussitamet.co.uk,95
erat@auguemalesuada.net,82
commodo.hendrerit.Donec@congueaaliquet.net,75
et@turpisegestasAliquam.org,96
diam.Proin.dolor@pretiumnequeMorbi.ca,99
adipiscing.elit@eutellusPhasellus.edu,97
cursus.a@feugiattelluslorem.edu,92
adipiscing@lobortisnisi.com,82
