<grades>
  <psets>
    <pset>
      <number>1</number>
      <student>
        <email>amet.ornare.lectus@Pellentesquehabitantmorbi.co.uk</email>
        <grade>96</grade>
      </student>
      <student>
        <email>adipiscing@lobortisnisi.com</email>
        <grade>91</grade>
      </student>
    </pset>
    <pset>
      <number>2</number>
      <student>
        <email>amet.ornare.lectus@Pellentesquehabitantmorbi.co.uk</email>
        <grade>73</grade>
      </student>
      <student>
        <email>adipiscing@lobortisnisi.com</email>
        <grade>98</grade>
      </student>
    </pset>
  </psets>
  <quizzes>
    <quiz>
      <number>1</number>
      <student>
        <email>amet.ornare.lectus@Pellentesquehabitantmorbi.co.uk</email>
        <grade>92</grade>
      </student>
      <student>
        <email>adipiscing@lobortisnisi.com</email>
        <grade>93</grade>
      </student>
    </quiz>
    <quiz>
      <number>2</number>
      <student>
        <email>amet.ornare.lectus@Pellentesquehabitantmorbi.co.uk</email>
        <grade>22</grade>
      </student>
      <student>
        <email>adipiscing@lobortisnisi.com</email>
        <grade>51</grade>
      </student>
    </quiz>
  </quizzes>
</grades>
